Q Predictions Max,Test Returns Mean,Exploration Rewards Max,Epoch Time (s),Policy mu Min,Log Pis Min,Number of rollouts total,Q Predictions Mean,V Predictions Std,Test Rewards Std,Exploration Returns Min,Epoch,Q Predictions Min,Log Pis Std,Test Actions Std,Train Time (s),Test Returns Min,Exploration Returns Mean,VF Loss,Policy log std Std,V Predictions Max,Exploration Returns Max,Test Returns Std,Test Actions Mean,AverageReturn,Number of train steps total,Test Returns Max,V Predictions Mean,Policy log std Max,Q Predictions Std,Exploration Returns Std,Policy mu Mean,Exploration Rewards Std,Test Actions Max,Num Paths,Policy Loss,Policy mu Std,Exploration Rewards Mean,Policy mu Max,Policy log std Min,Number of env steps total,Exploration Actions Mean,Log Pis Max,Exploration Actions Min,(Previous) Eval Time (s),Total Train Time (s),Exploration Actions Max,Test Rewards Mean,Policy log std Mean,Test Rewards Max,Sample Time (s),Test Actions Min,Exploration Actions Std,Test Rewards Min,V Predictions Min,QF Loss,Exploration Rewards Min,Log Pis Mean
0.00477872,4.0,20.0,8.835305876098573,-0.000616901,-0.919709,257,0.00180951,0.000407908,0.0,40.0,0,-0.00218498,0.227524,0.00824506,8.304538985714316,4.0,77.6653696498,0.483206,0.000159783,-0.00270281,200.0,0.0,0.290885,4.0,873,4.0,-0.00352256,0.00114998,0.00184446,32.830138343,2.08787e-05,0.0,0.304525,257,0.479729,0.000301621,20.0,0.000505651,0.000531363,1000,0.0556875,-0.263964,-0.997702,0,9.842655542306602,0.993409,1.0,0.000740384,1.0,0.5307668903842568,0.281748,0.696102,1.0,-0.00405518,399.818,20.0,-0.65155
70.635,4.0,20.0,10.389143292792141,0.279991,-1.8433,472,67.7603,0.937099,0.0,60.0,1,64.7091,0.400694,0.00574738,8.838153820484877,4.0,92.9302325581,0.212293,0.0247459,71.4308,280.0,0.0,0.398522,4.0,1873,4.0,68.2119,-0.0584067,0.803773,42.2866163603,0.325772,0.0,0.408209,215,0.241546,0.0433775,20.0,0.466504,-0.159207,2000,-0.121458,0.453035,-0.991063,1.0097586149349809,20.134006061591208,0.99398,1.0,-0.114858,1.0,0.5412308573722839,0.392423,0.599677,1.0,64.3941,764.656,20.0,-0.644442
92.4091,6.0,20.0,10.401402961462736,0.407217,-1.93174,669,82.8799,3.84095,0.0,40.0,2,74.5982,0.491969,0.00498442,8.965989157557487,6.0,101.725888325,0.203268,0.00787742,93.4466,500.0,0.0,-0.124657,6.0,2873,6.0,83.8336,-0.143242,3.70501,67.0711871979,0.422557,0.0,-0.116433,197,-0.109925,0.0113661,20.0,0.468966,-0.17826,3000,-0.0102284,0.184231,-0.990556,0.9119616793468595,30.507893468253314,0.999242,1.0,-0.159983,1.0,0.5234521245583892,-0.132033,0.604015,1.0,75.3667,1150.74,20.0,-0.573564
97.4158,3.0,20.0,9.31952428072691,-0.14132,-1.15405,874,89.7583,3.3517,0.0,60.0,3,81.426,0.1692,0.00152526,7.912393054924905,3.0,97.3658536585,0.462539,0.0022422,98.9216,460.0,0.0,-0.473431,3.0,3873,3.0,90.6967,-0.133063,3.11297,56.4899110775,-0.128642,0.0,-0.471087,205,-0.137933,0.0077591,20.0,-0.107972,-0.14175,4000,0.0481081,-0.301353,-0.990429,0.8847971800714731,39.886217683553696,0.993476,1.0,-0.138393,1.0,0.5223340457305312,-0.475988,0.612925,1.0,81.9057,1105.95,20.0,-0.669857
99.534,3.0,20.0,9.580494606867433,-0.553545,-1.78487,1056,92.1269,3.11406,0.0,60.0,4,83.6917,0.547448,0.011562,8.094146481715143,3.0,110.0,0.0502176,0.00487309,100.397,380.0,0.0,-0.476817,3.0,4873,3.0,93.0375,-0.171029,3.16422,57.9787759576,-0.509083,0.0,-0.461343,182,-0.00557411,0.0126714,20.0,-0.484611,-0.199376,5000,-0.0162764,0.335696,-0.990033,0.9437942104414105,49.474964492954314,0.99557,1.0,-0.181036,1.0,0.5425539147108793,-0.491348,0.586178,1.0,85.2173,1264.07,20.0,-0.56805
97.8304,3.0,20.0,9.477359970100224,-0.706459,-2.32728,1264,92.1815,2.70575,0.0,60.0,5,86.0598,0.638147,0.0248931,7.994358358904719,3.0,96.1538461538,0.05507,0.00774503,99.7182,440.0,0.0,-0.675725,3.0,5873,3.0,93.0151,-0.182273,2.4631,54.6018401407,-0.552254,0.0,-0.655055,208,0.0814819,0.041098,20.0,-0.498561,-0.220489,6000,-0.0199543,0.548277,-0.996241,0.9525900445878506,58.92936996836215,0.991079,1.0,-0.189189,1.0,0.5304115666076541,-0.712227,0.602258,1.0,86.9339,1383.74,20.0,-0.564891
99.9172,20.32,20.0,9.573334855027497,-1.03251,-3.82766,1454,92.8653,3.0396,0.0,60.0,6,85.0561,0.902625,0.00859774,8.11022088676691,15.0,105.473684211,0.262182,0.0163837,100.998,560.0,4.49639855885,-0.00533833,20.32,6873,38.0,94.4654,-0.257861,2.85456,63.2416987863,-0.815666,0.0,0.0224242,190,-0.0515274,0.0558291,20.0,-0.732183,-0.345153,7000,0.0149546,1.04212,-0.994468,0.929565791040659,68.47107829339802,0.994966,1.0,-0.28258,1.0,0.5335481772199273,-0.0194571,0.615034,1.0,87.3466,1720.02,20.0,-0.258887
103.9,5.0,20.0,9.82871001958847,-0.0272816,-0.792579,1626,94.664,1.45218,0.0,60.0,7,90.6941,0.0880404,0.00829014,8.386299604550004,5.0,115.23255814,0.066384,0.00758439,103.911,400.0,0.0,-0.193885,5.0,7873,5.0,95.2452,-0.125994,1.60695,70.1696738343,0.00727379,0.0,-0.185195,172,0.0712008,0.0216265,20.0,0.0401831,-0.163339,8000,0.031653,-0.488276,-0.995222,0.8981870831921697,78.44440836831927,0.990567,1.0,-0.135191,1.0,0.5442233318462968,-0.208995,0.59675,1.0,91.1024,1945.88,20.0,-0.677071
102.392,3.95652173913,20.0,9.798215571790934,-0.287175,-1.13723,1822,96.7498,2.37806,0.0,60.0,8,91.1935,0.24858,0.021964,8.22153546102345,3.0,102.959183673,0.0203263,0.00667482,103.429,400.0,0.203931119992,0.436416,3.95652173913,8873,4.0,97.4515,-0.13461,2.26681,59.9440076097,-0.209247,0.0,0.47335,196,0.0225532,0.0155905,20.0,-0.186101,-0.175921,9000,-0.0108729,-0.121865,-0.988928,1.0430483808740973,88.15582172945142,0.99546,1.0,-0.14021,1.0,0.5336317298933864,0.413767,0.591706,1.0,91.6834,1577.07,20.0,-0.643224
99.9982,12.8846153846,20.0,10.200680655427277,0.438549,-2.09331,2031,98.0234,0.512105,0.0,60.0,9,96.2395,0.544768,0.00331305,8.7194082448259,12.0,95.5980861244,0.0456866,0.00445268,101.325,300.0,0.891279248174,-0.0187247,12.8846153846,9873,15.0,99.0552,-0.206145,0.884374,47.9608212931,0.462266,0.0,-0.00921132,209,-0.0922241,0.0267061,20.0,0.581469,-0.232012,10000,-0.0153391,0.399996,-0.992274,0.9562609577551484,98.32481694314629,0.998141,1.0,-0.211456,1.0,0.5250114528462291,-0.024355,0.612553,1.0,97.3344,1258.91,20.0,-0.530082
102.658,6.0,20.0,10.947212094441056,-0.0241685,-1.56577,2222,98.4281,0.694794,0.0,60.0,10,96.7187,0.133644,0.00288946,9.499478306621313,6.0,104.712041885,0.0508481,0.00555983,103.195,360.0,0.0,0.140794,6.0,10873,6.0,99.0876,-0.100574,0.723913,53.1006730469,-0.00238854,0.0,0.145224,191,0.0593097,0.0149002,20.0,0.0299288,-0.124704,11000,0.00630691,-0.454305,-0.997764,0.9249420091509819,109.26415932551026,0.995829,1.0,-0.114483,1.0,0.5227917786687613,0.137333,0.594552,1.0,97.4999,1724.38,20.0,-0.693242
102.159,15.1343283582,20.0,10.94230129942298,0.134699,-1.03198,2410,98.7315,1.28257,0.0,60.0,11,95.867,0.187625,0.00350276,9.478632660582662,13.0,106.489361702,0.250592,0.00211318,103.409,500.0,1.38106083375,0.0170446,15.1343283582,11873,17.0,99.7557,-0.130074,1.17365,60.4452881997,0.143181,0.0,0.0227924,188,-0.198164,0.00553521,20.0,0.165131,-0.144502,12000,0.0834539,-0.270418,-0.99047,0.91754134837538,120.21957875508815,0.996399,1.0,-0.132596,1.0,0.5461272904649377,0.0111763,0.583485,1.0,96.504,1172.17,20.0,-0.658946
99.9543,6.0,20.0,10.447196836583316,-0.00218138,-1.32876,2586,98.098,0.843176,0.0,60.0,12,95.3953,0.106405,0.0130344,9.000764368101954,6.0,113.636363636,0.167059,0.00453436,100.207,420.0,0.0,-0.12765,6.0,12873,6.0,98.4263,-0.129005,0.912079,73.7961229916,0.0143501,0.0,-0.11436,176,0.256271,0.0064175,20.0,0.0284932,-0.149207,13000,-0.0682917,-0.504623,-0.992633,0.9308236474171281,130.75002770032734,0.981253,1.0,-0.133914,1.0,0.5156088210642338,-0.150489,0.577037,1.0,95.7944,1306.47,20.0,-0.680032
98.605,6.38853503185,20.0,10.288105048239231,-0.16103,-1.22241,2767,96.6043,0.941062,0.0,60.0,13,93.7349,0.189287,0.00469883,8.76512212306261,6.0,110.386740331,0.922527,0.00492782,98.6021,460.0,0.487417234897,0.107991,6.38853503185,13873,7.0,96.3617,-0.128257,0.916773,60.8808694597,-0.133992,0.0,0.114722,181,0.686741,0.0131804,20.0,-0.112246,-0.152599,14000,0.0419198,-0.267663,-0.998056,1.0145502490922809,140.97119055502117,0.993964,1.0,-0.134277,1.0,0.5084326760843396,0.102206,0.596263,1.0,93.3512,1358.91,20.0,-0.69254
101.191,5.0,20.0,10.788630514405668,0.101301,-0.99166,2961,99.4288,0.955027,0.0,40.0,14,94.6755,0.143644,0.0123489,9.285329029895365,5.0,103.195876289,0.139783,0.00243671,101.605,380.0,0.0,-0.210074,5.0,14873,5.0,99.8059,-0.126487,0.907768,55.9094701189,0.113954,0.0,-0.198052,194,0.238518,0.00451314,20.0,0.125838,-0.135577,15000,0.0654547,-0.317723,-0.99306,0.9479943821206689,151.7932227756828,0.991747,1.0,-0.130202,1.0,0.5553071023896337,-0.229868,0.588499,1.0,95.0159,1588.67,20.0,-0.68884
102.077,4.0,20.0,10.753865871578455,-0.247869,-1.64902,3163,98.8923,1.09263,0.0,40.0,15,95.0107,0.270465,0.00745292,9.24691409431398,4.0,98.9108910891,0.254302,0.0037508,102.686,440.0,0.0,-0.284175,4.0,15873,4.0,100.036,-0.137381,1.37081,47.8529304295,-0.215088,0.0,-0.276043,202,-0.295409,0.0158748,20.0,-0.189184,-0.151931,16000,-0.0555136,-0.134297,-0.993539,0.9814420724287629,162.5827192151919,0.996013,1.0,-0.144629,1.0,0.5255097048357129,-0.29719,0.604424,1.0,97.3001,1466.97,20.0,-0.655385
104.981,14.1690140845,20.0,11.060923364013433,-0.346144,-2.02061,3355,99.5158,2.13309,0.0,60.0,16,93.9151,0.342365,0.00103306,9.505905316211283,13.0,103.854166667,0.09285,0.00313067,104.855,360.0,0.978442503265,-0.0145365,14.1690140845,16873,16.0,100.474,-0.151374,2.41746,52.991150827,-0.295396,0.0,-0.0138647,192,-0.133067,0.0164918,20.0,-0.267679,-0.16628,17000,-0.0256588,-0.0012815,-0.998642,1.0171158127486706,173.57994710374624,0.985497,1.0,-0.155428,1.0,0.5379022350534797,-0.0189616,0.597444,1.0,95.897,2138.61,20.0,-0.639104
101.354,4.95544554455,20.0,11.006422418169677,-0.0555416,-0.933915,3531,98.6455,1.22808,0.0,60.0,17,95.0144,0.095179,0.0080302,9.524915136396885,4.0,113.409090909,0.0809474,0.00271571,102.228,380.0,0.206323425586,-0.232837,4.95544554455,17873,5.0,99.3344,-0.129118,1.30303,64.6474066772,-0.0209095,0.0,-0.220332,176,0.0257394,0.00845583,20.0,-0.0133635,-0.141955,18000,0.0108864,-0.487009,-0.989471,0.953758979216218,184.6427633864805,0.999481,1.0,-0.133199,1.0,0.5277483025565743,-0.24252,0.595268,1.0,95.6875,1339.31,20.0,-0.67654
102.845,3.0,20.0,10.843579814769328,-0.313939,-1.14658,3713,99.7162,1.27546,0.0,60.0,18,96.2916,0.25549,0.07029,9.304443128407001,3.0,110.32967033,0.158034,0.00640369,103.211,400.0,0.0,-0.609184,3.0,18873,3.0,100.702,-0.152766,1.49774,65.4897114552,-0.241238,0.0,-0.538734,182,-0.154758,0.0135988,20.0,-0.222878,-0.180278,19000,0.118023,-0.13888,-0.997704,1.010541751049459,195.4913379950449,0.989184,1.0,-0.159744,1.0,0.5285949353128672,-0.708112,0.598527,1.0,96.8137,1800.83,20.0,-0.664306
103.542,17.0677966102,20.0,10.489588097669184,-1.22927,-2.27481,3897,98.9838,1.26857,0.0,40.0,19,95.3229,0.733155,0.00130806,8.955287313088775,14.0,107.717391304,0.291195,0.0270997,104.127,380.0,1.90329247981,-0.00941286,17.0677966102,19873,21.0,100.693,-0.21166,1.85357,59.5928807549,-0.695005,0.0,-0.00811731,184,-0.21297,0.133837,20.0,-0.592689,-0.348986,20000,-0.109281,1.51479,-0.99196,1.0157848643139005,205.9206312512979,0.993848,1.0,-0.232225,1.0,0.5185159202665091,-0.0121965,0.587214,1.0,97.9731,1776.9,20.0,-0.295639
101.426,7.32116788321,20.0,10.670966655015945,-0.0120118,-1.37379,4082,99.9733,0.510581,0.0,60.0,20,98.3393,0.117419,0.00153704,9.201621556654572,7.0,109.297297297,0.244723,0.0022923,101.906,260.0,0.466925126766,-0.08062,7.32116788321,20873,8.0,100.256,-0.128592,0.580918,51.6960267514,-0.00636204,0.0,-0.0783872,185,0.299434,0.00343214,20.0,0.00418457,-0.139271,21000,0.02962,-0.519437,-0.990415,0.9557609893381596,216.60980077739805,0.990693,1.0,-0.134197,1.0,0.5135841090232134,-0.0829567,0.597425,1.0,98.7891,1250.54,20.0,-0.692836
104.513,5.0,20.0,10.61981416027993,-0.129417,-1.30305,4268,102.938,0.751552,0.0,60.0,21,100.471,0.150934,0.00989545,9.121890749782324,5.0,107.52688172,0.281852,0.00215,105.61,360.0,0.0,0.198835,5.0,21873,5.0,103.896,-0.130235,0.842308,60.2799189798,-0.07819,0.0,0.214071,186,-0.136845,0.0131915,20.0,-0.0532757,-0.136303,22000,-0.0197463,-0.330383,-0.992914,0.9742574002593756,227.2689821589738,0.995097,1.0,-0.132894,1.0,0.5236660102382302,0.184403,0.590317,1.0,101.728,1767.63,20.0,-0.678118
103.664,9.50943396226,20.0,10.389974312856793,0.169266,-1.34275,4455,102.207,0.520269,0.0,60.0,22,100.338,0.262722,0.00661976,8.8625941965729,9.0,106.844919786,0.156721,0.00521491,104.018,460.0,0.499910992434,0.0504906,9.50943396226,22873,10.0,102.603,-0.129271,0.578578,63.3823176928,0.198436,0.0,0.0648276,187,0.241595,0.0206994,20.0,0.278569,-0.149351,23000,-0.0588356,-0.127968,-0.986926,1.0141299096867442,237.62447931990027,0.994082,1.0,-0.138606,1.0,0.5132502065971494,0.04,0.583699,1.0,100.714,1737.41,20.0,-0.656107
101.584,5.0,20.0,10.726277146488428,0.0202197,-1.02315,4649,100.244,0.51798,0.0,60.0,23,99.3087,0.122041,0.00281729,9.215412380173802,5.0,102.783505155,0.280577,0.00272958,102.831,320.0,0.0,0.22815,5.0,23873,5.0,101.425,-0.1165,0.404848,57.2432369938,0.0503704,0.0,0.233548,194,-0.328649,0.0261511,20.0,0.139824,-0.127376,24000,0.111584,-0.328781,-0.988317,0.9800712652504444,248.398341932334,0.989835,1.0,-0.124224,1.0,0.5307935010641813,0.223623,0.585075,1.0,100.329,1645.15,20.0,-0.684281
105.56,7.73846153846,20.0,10.385621509514749,0.218022,-1.03306,4834,103.441,0.347183,0.0,60.0,24,102.271,0.264518,0.00352454,8.831634749658406,7.0,108.540540541,0.0622114,0.00278432,106.441,340.0,0.43947251868,-0.0723333,7.73846153846,24873,8.0,104.322,-0.144303,0.509744,58.2495074075,0.231844,0.0,-0.0674084,185,-0.0529688,0.00925984,20.0,0.278825,-0.158181,25000,-0.048175,-0.0918068,-0.995314,1.0278438236564398,258.77003465406597,0.996218,1.0,-0.147596,1.0,0.5261429361999035,-0.0784053,0.593593,1.0,103.39,1571.07,20.0,-0.629432
106.817,4.2905982906,20.0,10.541128555312753,-0.0893058,-1.56101,5036,103.304,1.74586,0.0,60.0,25,98.6344,0.142966,0.0139744,9.00474813580513,4.0,99.0099009901,0.0716512,0.00149066,107.788,600.0,0.454038461036,-0.247004,4.2905982906,25873,5.0,104.025,-0.130555,1.54196,61.4914459236,-0.0680827,0.0,-0.231108,202,-0.0268893,0.00769384,20.0,-0.0554611,-0.135562,26000,-0.18168,-0.404086,-0.990695,1.0142674017697573,269.31451635994017,0.980458,1.0,-0.133645,1.0,0.5221130177378654,-0.267487,0.569067,1.0,98.8652,1900.58,20.0,-0.705041
103.635,6.68,20.0,10.519254955463111,-0.313395,-1.09096,5258,102.999,0.162617,0.0,60.0,26,102.257,0.308086,0.0381459,8.972512790001929,6.0,90.0,0.0938584,0.00279241,104.543,320.0,0.466476151588,0.0805486,6.68,26873,7.0,103.966,-0.138479,0.337526,42.437022762,-0.263046,0.0,0.143302,222,-0.168914,0.0143313,20.0,-0.234138,-0.148527,27000,0.220823,-0.0615861,-0.981096,1.0186928007751703,279.80336814466864,0.994328,1.0,-0.144432,1.0,0.5280493646860123,0.034109,0.577811,1.0,103.523,1537.19,20.0,-0.624276
103.601,8.0,20.0,10.70870910026133,0.0186986,-1.07851,5442,102.132,0.663832,0.0,60.0,27,100.42,0.129005,0.0250691,9.199449739418924,8.0,108.804347826,0.0352929,0.00339797,104.042,320.0,0.0,-0.0497958,8.0,27873,8.0,102.69,-0.129016,0.711385,60.2773010724,0.0881507,0.0,-0.0280455,184,0.110997,0.0440124,20.0,0.145988,-0.139755,28000,0.0206393,-0.29932,-0.998594,0.9882479896768928,290.56169751286507,0.993343,1.0,-0.135651,1.0,0.521011371165514,-0.106686,0.607435,1.0,101.029,1860.53,20.0,-0.687493
103.015,23.8372093023,20.0,10.926329913549125,-0.305133,-1.05686,5640,100.461,0.78998,0.0,60.0,28,98.0553,0.163666,0.00136584,9.355096908286214,18.0,100.909090909,0.70193,0.00282244,102.667,460.0,4.61509269507,0.00173906,23.8372093023,28873,40.0,100.694,-0.124138,1.00902,51.6122080361,-0.116382,0.0,0.0031017,198,0.256637,0.0832502,20.0,-0.027753,-0.136345,29000,0.00429381,-0.159406,-0.993025,1.0378233697265387,301.4243002003059,0.993099,1.0,-0.129807,1.0,0.5334096355363727,-0.00503523,0.597539,1.0,99.0291,1601.44,20.0,-0.668834
103.966,6.07272727273,20.0,10.527480349875987,-0.0239277,-0.953403,5829,102.996,0.45778,0.0,60.0,29,102.155,0.0906885,0.00153158,9.027959160506725,6.0,105.502645503,0.208021,0.000916656,105.153,360.0,0.259688306492,-0.116086,6.07272727273,29873,7.0,104.072,-0.129866,0.368139,56.2626704684,-0.00555837,0.0,-0.114061,189,-0.270258,0.0111773,20.0,0.0111642,-0.13297,30000,-0.0203127,-0.496182,-0.990246,0.9745258241891861,311.9631911497563,0.990354,1.0,-0.131573,1.0,0.5249953651800752,-0.119499,0.590289,1.0,103.113,1819.36,20.0,-0.682747
104.93,5.0,20.0,10.730059046298265,-0.124619,-2.16008,6008,102.459,1.25906,0.0,60.0,30,99.4752,0.211361,0.0104009,9.228808864019811,5.0,111.843575419,0.0450628,0.000999797,105.936,300.0,0.0,-0.185192,5.0,30873,5.0,103.228,-0.128025,1.18825,58.380930733,-0.112573,0.0,-0.172255,179,-0.0183546,0.00981429,20.0,-0.0848895,-0.131559,31000,-0.1085,-0.313758,-0.998096,0.9864140311256051,322.7154198028147,0.988476,1.0,-0.129669,1.0,0.5148361511528492,-0.202162,0.574717,1.0,100.075,1706.05,20.0,-0.683212
109.213,13.038961039,20.0,10.685537391342223,-0.220165,-2.07763,6192,103.499,2.19999,0.0,60.0,31,97.9959,0.260788,0.000888759,9.14439572300762,12.0,108.47826087,0.0684069,0.00411028,110.165,460.0,0.903694558811,0.0199469,13.038961039,31873,15.0,104.116,-0.148429,2.30754,63.1240115309,-0.194864,0.0,0.0212485,184,0.0439871,0.0108044,20.0,-0.17421,-0.164004,32000,-0.0621288,-0.206753,-0.990921,1.0089446380734444,333.3899445682764,0.989098,1.0,-0.154152,1.0,0.5321970302611589,0.0178375,0.578838,1.0,99.3572,1723.05,20.0,-0.697228
103.422,6.72483221477,20.0,10.660151313990355,0.0127135,-0.801969,6368,100.967,1.11805,0.0,60.0,32,98.3876,0.0911359,0.00471503,9.152308181859553,6.0,113.636363636,0.0425671,0.000634943,104.397,440.0,0.446598785493,0.1013,6.72483221477,32873,7.0,101.822,-0.127497,1.08746,61.0919913324,0.0239029,0.0,0.107208,176,-0.107018,0.00843666,20.0,0.0539751,-0.130697,33000,0.0378697,-0.454479,-0.988495,0.9982134243473411,344.1222675386816,0.995775,1.0,-0.130115,1.0,0.5096297077834606,0.0943508,0.582907,1.0,99.1828,1905.2,20.0,-0.680834
103.972,9.39252336449,20.0,10.635247075930238,0.088657,-1.62243,6548,102.726,0.613319,0.0,60.0,33,101.613,0.172811,0.0138101,9.046088630333543,9.0,110.0,0.145191,0.00200585,105.156,400.0,0.488312167387,-0.0535306,9.39252336449,33873,10.0,103.735,-0.114469,0.52231,62.449979984,0.101147,0.0,-0.0342503,180,-0.191743,0.00549724,20.0,0.117921,-0.123306,34000,0.0960405,-0.330547,-0.989586,1.0706073474138975,354.7084628259763,0.99063,1.0,-0.121082,1.0,0.5185510981827974,-0.0832544,0.589899,1.0,102.42,1921.55,20.0,-0.687193
104.467,4.5067264574,20.0,10.683945033699274,-0.1394,-1.77141,6743,103.403,0.268729,0.0,60.0,34,101.628,0.161358,0.0137541,9.141534230671823,4.0,103.794871795,0.0899862,0.00718981,105.116,360.0,0.499954752724,0.257554,4.5067264574,34873,5.0,104.241,-0.107753,0.440317,58.4935584826,-0.0534243,0.0,0.291974,195,-0.0707101,0.0384227,20.0,-0.00144589,-0.137285,35000,0.00456359,-0.301885,-0.985535,1.0223291665315628,365.4163830168545,0.992876,1.0,-0.120819,1.0,0.5200816364958882,0.247168,0.607353,1.0,102.937,1755.94,20.0,-0.695508
105.793,6.0,20.0,10.73801396600902,0.235934,-1.31107,6914,103.127,0.833157,0.0,60.0,35,100.855,0.294436,0.0027072,9.170280274935067,6.0,116.959064327,0.14289,0.00290463,105.591,720.0,0.0,0.122517,6.0,35873,6.0,103.464,-0.145515,0.98969,78.3162995086,0.265172,0.0,0.12657,171,0.240669,0.0262779,20.0,0.384619,-0.157526,36000,0.0158984,0.0279646,-0.987699,1.046405265107751,376.14999759942293,0.99536,1.0,-0.151002,1.0,0.5213284259662032,0.11924,0.579352,1.0,101.358,1739.34,20.0,-0.617943
105.461,6.23602484472,20.0,10.746168591082096,0.115869,-1.26395,7098,104.082,0.513805,0.0,60.0,36,102.972,0.171908,0.0104837,9.180180249735713,6.0,108.804347826,0.506052,0.000973478,105.332,460.0,0.424637630687,-0.117524,6.23602484472,36873,7.0,104.127,-0.128387,0.561998,64.2234954857,0.127129,0.0,-0.103752,184,0.455247,0.0086247,20.0,0.174875,-0.133605,37000,0.0371967,-0.260213,-0.985786,1.0426786541938782,386.89721058961004,0.989626,1.0,-0.132707,1.0,0.5233096871525049,-0.140716,0.586225,1.0,103.121,1500.98,20.0,-0.673388
105.105,4.0,20.0,10.525620051659644,-0.321075,-1.17328,7273,102.065,1.37836,0.0,40.0,37,99.3289,0.196407,0.00364839,8.960025453940034,4.0,114.171428571,0.0644104,0.00433187,106.22,420.0,0.0,-0.270776,4.0,37873,4.0,102.624,-0.135789,1.19582,68.4211687019,-0.154231,0.0,-0.265701,175,0.108282,0.0464904,20.0,-0.104641,-0.153903,38000,-0.0495559,-0.17792,-0.995056,1.0438458947464824,397.42709376942366,0.988624,1.0,-0.139867,1.0,0.5217487029731274,-0.274907,0.5865,1.0,99.678,1883.18,20.0,-0.674095
104.066,8.09677419355,20.0,10.93159382417798,-0.340515,-1.79467,7458,102.557,0.714315,0.0,60.0,38,100.867,0.356427,0.0017791,9.364785584621131,8.0,108.216216216,0.104218,0.00706267,104.801,440.0,0.295650044836,-0.0620944,8.09677419355,38873,9.0,103.382,-0.132226,0.612494,62.8473634163,-0.283367,0.0,-0.0601888,185,-0.0592707,0.0102726,20.0,-0.272363,-0.162647,39000,-0.0786767,0.0428779,-0.990484,1.0485328426584601,408.34814221505076,0.991875,1.0,-0.147975,1.0,0.5182753968983889,-0.0654297,0.58565,1.0,101.742,1443.57,20.0,-0.642075
107.926,10.7234042553,20.0,10.379603235051036,-0.0702613,-1.01649,7619,104.998,1.1428,0.0,60.0,39,102.061,0.125355,3.72529e-09,8.828626825474203,10.0,123.850931677,0.226757,0.00074894,109.052,560.0,0.553600503458,-0.0315774,10.7234042553,39873,12.0,106.115,-0.128486,1.13288,80.0780838792,-0.0644164,0.0,-0.0315774,161,-0.285773,0.00266487,20.0,-0.0601535,-0.130984,40000,0.0272068,-0.404488,-0.991636,1.038455712608993,418.7452434785664,0.986784,1.0,-0.130305,1.0,0.5125206969678402,-0.0315774,0.58516,1.0,103.18,1394.95,20.0,-0.662827
103.823,9.5619047619,20.0,10.921440032310784,-0.0412267,-0.984572,7816,103.262,0.183103,0.0,60.0,40,102.715,0.105947,0.0118432,9.330802634358406,9.0,101.827411168,0.130178,0.00017657,104.868,400.0,0.496153001053,-0.0505065,9.5619047619,40873,10.0,104.266,-0.130386,0.231206,55.4145490242,-0.0324494,0.0,-0.0398353,197,-0.213087,0.00220935,20.0,-0.0315879,-0.13125,41000,0.0914106,-0.472013,-0.991184,1.0561941396445036,429.66775470227003,0.997306,1.0,-0.131163,1.0,0.5344432583078742,-0.0826813,0.605126,1.0,103.809,1777.35,20.0,-0.6676
104.822,5.98214285714,20.0,10.412022233940661,-0.178701,-1.51136,8018,103.43,0.646176,0.0,60.0,41,102.21,0.13504,0.0165417,8.834028187207878,5.0,99.2079207921,0.402538,0.00240746,105.066,280.0,0.132432115841,0.158194,5.98214285714,41873,6.0,103.527,-0.109831,0.557351,50.1815154386,-0.0688738,0.0,0.18487,202,0.439978,0.0353196,20.0,-0.0368067,-0.121335,42000,-0.147807,-0.375966,-0.997299,1.0578484944999218,440.06852450128645,0.996429,1.0,-0.115897,1.0,0.5201455522328615,0.139303,0.59352,1.0,101.923,2069.92,20.0,-0.695942
105.042,3.0,20.0,11.826131448149681,0.136476,-1.31354,8219,103.307,0.511266,0.0,60.0,42,101.656,0.193357,0.00967808,10.22673752438277,3.0,99.2039800995,0.0813594,0.00133535,105.614,380.0,0.0,-0.508006,3.0,42873,3.0,104.184,-0.126125,0.665867,55.2818484697,0.162497,0.0,-0.499268,201,-0.0873829,0.0207331,20.0,0.212861,-0.132247,43000,-0.00359059,-0.173514,-0.992068,1.0469397120177746,452.00863507110626,0.991949,1.0,-0.130266,1.0,0.5524542117491364,-0.522503,0.614358,1.0,102.9,1392.04,20.0,-0.684623
105.357,5.0,20.0,10.630793079733849,-0.625804,-2.23857,8420,103.991,0.326419,0.0,60.0,43,102.236,0.636632,0.00276015,8.956624910235405,5.0,99.3034825871,0.173884,0.00475384,106.166,300.0,0.0,0.190412,5.0,43873,5.0,105.202,-0.220614,0.715514,46.88837637,-0.558032,0.0,0.195847,201,-0.186446,0.0215581,20.0,-0.512095,-0.24621,44000,0.0352625,0.39092,-0.984483,1.1613171678036451,462.56407544761896,0.99818,1.0,-0.22703,1.0,0.5128510016947985,0.18768,0.605263,1.0,104.27,1949.25,20.0,-0.538314
105.689,4.56363636364,20.0,11.218157573603094,0.189443,-1.98681,8618,102.726,1.23111,0.0,60.0,44,99.8262,0.269947,0.00419193,9.60685215704143,4.0,101.111111111,0.316946,0.000289101,107.037,500.0,0.49593387989,0.245667,4.56363636364,44873,5.0,103.699,-0.14053,1.14884,63.091866464,0.195631,0.0,0.251981,198,-0.115731,0.0062246,20.0,0.21933,-0.141918,45000,0.173007,-0.177029,-0.981007,1.0863578515127301,473.82109878305346,0.994212,1.0,-0.140818,1.0,0.524947565048933,0.24051,0.594368,1.0,100.848,1750.37,20.0,-0.674217
106.705,27.2702702703,20.0,11.058274529874325,0.189062,-1.5159,8797,105.654,0.235302,0.0,60.0,45,104.339,0.279559,0.00539008,9.412232513539493,20.0,108.603351955,0.211551,0.00266174,106.936,460.0,6.22830786377,0.00321808,27.2702702703,45873,48.0,106.256,-0.134096,0.415899,57.3117924428,0.23911,0.0,0.024256,179,0.124352,0.0196707,20.0,0.261669,-0.144841,46000,-0.0870282,-0.131581,-0.994511,1.1258123442530632,484.7987429173663,0.985387,1.0,-0.142373,1.0,0.5202296720817685,-0.000133589,0.586568,1.0,104.985,1616.98,20.0,-0.659629
109.286,4.0,20.0,10.885111823678017,-0.00114748,-1.35737,8993,103.487,1.70227,0.0,40.0,46,99.2154,0.131286,0.0122568,9.306632256135345,4.0,104.795918367,0.0302092,0.000582298,110.144,660.0,0.0,-0.288374,4.0,46873,4.0,104.303,-0.128434,1.71391,68.0895207832,0.0324352,0.0,-0.27588,196,-0.070238,0.0266041,20.0,0.0893656,-0.130708,47000,-0.132012,-0.391293,-0.994501,1.0457083247601986,495.73185962159187,0.994592,1.0,-0.129734,1.0,0.5327712427824736,-0.310092,0.591066,1.0,100.052,1673.29,20.0,-0.691779
105.61,6.0,20.0,10.812975938431919,-0.409955,-1.91192,9176,103.012,0.363692,0.0,60.0,47,101.724,0.389913,0.0124037,9.200589167885482,6.0,109.836065574,0.275795,0.00213842,105.159,460.0,0.0,-0.140688,6.0,47873,6.0,103.326,-0.137591,0.621219,68.1325885919,-0.302765,0.0,-0.126363,183,0.240788,0.0315683,20.0,-0.252645,-0.144909,48000,-0.0708891,0.134196,-0.989665,1.094236965291202,506.5965139027685,0.992031,1.0,-0.142484,1.0,0.5181498052552342,-0.167858,0.588727,1.0,102.48,1726.82,20.0,-0.593956
107.774,4.0,20.0,10.788955660536885,-0.349847,-1.72938,9380,102.763,1.45058,0.0,60.0,48,99.3314,0.233691,0.00719224,9.12029318138957,4.0,97.9411764706,0.370257,0.0024469,108.135,340.0,0.0,0.294736,4.0,48873,4.0,103.124,-0.131663,1.41277,46.5019129966,-0.160107,0.0,0.305151,204,0.2358,0.0326743,20.0,-0.126044,-0.142196,49000,-0.0205588,-0.095845,-0.994964,1.1464475793763995,517.7093293229118,0.992025,1.0,-0.139761,1.0,0.5222148997709155,0.286926,0.612684,1.0,99.0409,1311.32,20.0,-0.673454
104.553,5.0,20.0,11.358309062197804,0.294571,-1.22785,9586,102.783,0.511601,0.0,40.0,49,101.356,0.375364,0.00803015,9.35878423601389,5.0,96.6019417476,0.0623812,0.00851019,104.498,300.0,0.0,0.180788,5.0,49873,5.0,103.338,-0.114492,0.675674,48.4928860373,0.31274,0.0,0.190139,206,0.153807,0.0215898,20.0,0.384223,-0.15525,50000,0.198623,0.0676796,-0.990808,1.4706795625388622,528.7013485962525,0.996852,1.0,-0.137399,1.0,0.5288452636450529,0.166614,0.570717,1.0,101.966,1879.26,20.0,-0.618153
108.631,4.0,20.0,10.572098361328244,0.128759,-0.892399,9781,103.99,1.90495,0.0,60.0,50,98.6869,0.211969,0.015531,8.953197490423918,4.0,102.461538462,0.254454,0.00143306,109.694,400.0,0.0,0.32519,4.0,50873,4.0,105.077,-0.126399,1.97198,54.0663629037,0.177855,0.0,0.348143,195,-0.263249,0.0174704,20.0,0.207259,-0.132997,51000,0.219295,-0.184702,-0.98962,1.1048565665259957,542.7217060029507,0.992034,1.0,-0.131397,1.0,0.5140443043783307,0.308033,0.553954,1.0,100.419,1895.12,20.0,-0.685233
107.165,5.0,20.0,14.377221170812845,0.309559,-1.5574,9965,103.035,1.37317,0.0,60.0,51,99.7791,0.377094,0.00738085,9.304785059764981,5.0,109.347826087,0.147649,0.00437985,107.056,380.0,0.0,-0.183286,5.0,51873,5.0,103.499,-0.14066,1.6654,62.0624571076,0.348898,0.0,-0.173163,184,0.1707,0.0174953,20.0,0.36768,-0.158977,52000,-0.0019882,0.0953937,-0.977762,4.553623399697244,553.6473691994324,0.984586,1.0,-0.150292,1.0,0.5188127113506198,-0.194888,0.595665,1.0,100.71,1388.47,20.0,-0.541821
105.606,4.0,20.0,10.756268660537899,-0.241375,-0.915304,10164,102.97,1.12849,0.0,40.0,52,100.577,0.220623,0.00834654,9.137960713356733,4.0,100.603015075,0.0816726,0.00543482,106.393,320.0,0.0,-0.343215,4.0,52873,4.0,103.455,-0.121214,0.992831,51.3891272836,-0.186205,0.0,-0.334039,199,0.157679,0.0116627,20.0,-0.166764,-0.142325,53000,-0.155173,-0.155986,-0.998382,1.102447702549398,564.4310984788463,0.991932,1.0,-0.136551,1.0,0.5158602446317673,-0.355541,0.577576,1.0,101.039,1514.36,20.0,-0.66509
104.284,5.70454545455,20.0,11.07097912300378,-0.435219,-1.5827,10347,102.484,0.368775,0.0,40.0,53,100.728,0.401461,0.00645465,9.410440276376903,5.0,109.071038251,0.301459,0.00407066,103.737,420.0,0.456246815906,0.159541,5.70454545455,53873,6.0,102.756,-0.147974,0.753595,58.1942327388,-0.367989,0.0,0.166667,183,0.249939,0.0151591,20.0,-0.346853,-0.163391,54000,-0.0729098,0.158973,-0.995707,1.1304176840931177,575.4605269702151,0.995162,1.0,-0.156659,1.0,0.5301211625337601,0.147869,0.597014,1.0,101.722,1241.13,20.0,-0.616223
105.352,3.0,20.0,10.900924178771675,0.141295,-1.20933,10542,103.476,0.243377,0.0,60.0,54,101.231,0.205056,0.0317573,9.289802349172533,3.0,102.564102564,0.269253,0.00330759,105.055,300.0,0.0,0.565749,3.0,54873,3.0,104.391,-0.127684,0.775076,48.6071614813,0.155397,0.0,0.610503,195,-0.153979,0.00819696,20.0,0.167934,-0.14075,55000,0.0183604,-0.231036,-0.991393,1.0894089043140411,586.4109480381012,0.990174,1.0,-0.136915,1.0,0.5217129252851009,0.533876,0.610801,1.0,103.487,2123.76,20.0,-0.668446
108.081,10.3195876289,20.0,10.774549118243158,0.595044,-2.60981,10745,104.432,1.19203,0.0,60.0,55,102.013,0.70945,0.0119611,9.111609331332147,10.0,97.9310344828,0.0798517,0.00935134,108.279,320.0,0.466316819707,-0.0271208,10.3195876289,55873,11.0,105.275,-0.225342,1.30491,53.7248524966,0.641905,0.0,-0.00733336,203,0.159811,0.0508828,20.0,0.803322,-0.266935,56000,-0.0951314,0.665472,-0.995619,1.1393542885780334,597.1208087196574,0.991543,1.0,-0.234256,1.0,0.5235854983329773,-0.0444373,0.611686,1.0,102.442,1481.55,20.0,-0.359937
105.698,7.6641221374,20.0,10.540628027170897,-0.0901823,-1.38418,10948,102.634,1.4988,0.0,60.0,56,99.1507,0.126777,0.0172082,8.940368626266718,7.0,98.9162561576,0.0856278,0.00473922,106.884,360.0,0.472296436588,-0.0615896,7.6641221374,56873,8.0,103.307,-0.131887,1.27017,52.7920717455,-0.0328428,0.0,-0.0407432,203,0.0287464,0.0156022,20.0,-0.00655158,-0.146545,57000,0.048485,-0.443196,-0.993191,1.0752241294831038,607.7005564728752,0.995935,1.0,-0.139375,1.0,0.5250352714210749,-0.0866919,0.602337,1.0,99.2611,1547.65,20.0,-0.683409
104.652,4.0,20.0,11.369027460925281,-0.088861,-1.30483,11116,103.308,0.254286,0.0,60.0,57,102.403,0.122148,0.0226935,9.73564839642495,4.0,119.166666667,0.168242,0.00423697,104.896,420.0,0.0,0.303887,4.0,57873,4.0,103.585,-0.121508,0.292068,68.9842689682,-0.0529223,0.0,0.334573,168,0.276122,0.0277249,20.0,-0.0052584,-0.135445,58000,0.0328376,-0.396312,-0.992777,1.1147580463439226,619.0700376443565,0.990758,1.0,-0.128709,1.0,0.5186210181564093,0.271038,0.585838,1.0,102.752,1494.06,20.0,-0.68378
106.542,5.69318181818,20.0,11.03382000606507,0.24047,-1.665,11298,103.147,1.15906,0.0,60.0,58,99.9095,0.372858,0.0218462,9.39757723081857,5.0,109.89010989,0.398354,0.00175899,106.629,400.0,0.461173270175,0.163936,5.69318181818,58873,6.0,103.882,-0.151261,1.38184,60.9718815664,0.293385,0.0,0.205707,182,-0.130045,0.0444336,20.0,0.401411,-0.156907,59000,-0.0380902,0.0519478,-0.991675,1.1157782934606075,630.1144678452983,0.996649,1.0,-0.154239,1.0,0.5204644817858934,0.135889,0.585585,1.0,101.274,1829.67,20.0,-0.631674
104.522,3.0,20.0,10.700203920714557,0.135912,-0.970473,11500,103.504,0.303657,0.0,60.0,59,102.4,0.228412,0.015362,9.058032758533955,3.0,99.3069306931,0.142284,0.00122717,105.49,360.0,0.0,0.532671,3.0,59873,3.0,104.533,-0.132786,0.422077,50.5172733079,0.191922,0.0,0.555332,202,-0.228659,0.0286299,20.0,0.251158,-0.137439,60000,0.0109404,-0.0850635,-0.993453,1.1273676455020905,640.8258922556415,0.995938,1.0,-0.135376,1.0,0.5148035166785121,0.519479,0.604215,1.0,103.696,1865.89,20.0,-0.66931
107.046,7.1134751773,20.0,10.963279292918742,0.549456,-2.62119,11693,103.494,0.888866,0.0,60.0,60,99.3123,0.654338,0.0051566,9.299551337957382,7.0,101.761658031,0.169801,0.00895384,106.046,400.0,0.317172762766,-0.0816881,7.1134751773,60873,8.0,103.994,-0.197933,1.37542,53.8949773328,0.585978,0.0,-0.075334,193,0.186798,0.0253241,20.0,0.674928,-0.239728,61000,0.120558,0.551247,-0.98926,1.1386913591995835,651.7614759681746,0.99764,1.0,-0.207334,1.0,0.525036595761776,-0.093468,0.586644,1.0,101.389,1459.38,20.0,-0.560634
105.99,4.33333333333,20.0,10.624042271636426,-0.218598,-1.27564,11865,101.82,1.65826,0.0,60.0,61,97.6586,0.152973,0.083848,8.997968922369182,4.0,118.139534884,0.282247,0.00331539,106.11,460.0,0.471404520791,0.310946,4.33333333333,61873,5.0,102.361,-0.124026,1.75906,76.8948485877,-0.105025,0.0,0.439388,172,0.125229,0.024896,20.0,-0.0762973,-0.136344,62000,-0.0216674,-0.323006,-0.992394,1.1114668473601341,662.4112446540967,0.988769,1.0,-0.130698,1.0,0.5146065019071102,0.189986,0.599092,1.0,98.6449,2362.38,20.0,-0.696468
105.829,4.0,20.0,10.999027698300779,0.124399,-1.40068,12068,102.493,1.04703,0.0,40.0,62,99.841,0.314736,0.00333489,9.333603902719915,4.0,98.5221674877,0.0807734,0.0114056,106.053,320.0,0.0,0.310547,4.0,62873,4.0,103.368,-0.125677,1.19451,48.3805038618,0.24146,0.0,0.315333,203,-0.0320298,0.126619,20.0,0.544462,-0.168161,63000,0.0139233,0.200289,-0.983315,1.138264729641378,673.3975178971887,0.991973,1.0,-0.139668,1.0,0.527159065939486,0.306018,0.593463,1.0,101.212,1638.11,20.0,-0.642932
104.4,11.5517241379,20.0,11.295590563677251,0.301371,-2.1981,12258,102.444,0.445269,0.0,60.0,63,100.29,0.412261,0.00874657,9.640523097477853,11.0,105.263157895,0.0893243,0.00299123,104.416,300.0,0.620689655172,0.0325239,11.5517241379,63873,13.0,103.304,-0.146962,0.838496,54.7307688938,0.316323,0.0,0.0540782,190,-0.0745058,0.00612571,20.0,0.327869,-0.157885,64000,-0.0028975,0.0246923,-0.994375,1.125470856204629,684.6549863750115,0.996363,1.0,-0.151832,1.0,0.5295966099947691,0.0240563,0.584993,1.0,102.172,1483.33,20.0,-0.597168
107.498,3.97619047619,20.0,10.835931081324816,-0.0107361,-1.06863,12444,102.603,2.00551,0.0,60.0,64,97.2317,0.113368,0.0184238,9.230015333741903,3.0,107.741935484,0.117457,0.00099821,108.014,420.0,0.152455338986,-0.427856,3.97619047619,64873,4.0,103.572,-0.120832,2.15144,60.4308728379,0.0409134,0.0,-0.412583,186,-0.18575,0.0232329,20.0,0.0934238,-0.125008,65000,-0.0310663,-0.377261,-0.983501,1.0878787776455283,695.5652147708461,0.997935,1.0,-0.123534,1.0,0.5180369699373841,-0.461976,0.601274,1.0,98.7065,1884.98,20.0,-0.676965
105.706,6.0,20.0,10.644487175159156,-0.5704,-2.14421,12634,103.984,0.493176,0.0,40.0,65,101.989,0.533739,0.0193757,8.973706047050655,6.0,104.736842105,0.0448193,0.00241738,106.159,560.0,0.0,-0.120781,6.0,65873,6.0,104.668,-0.1723,0.700713,65.9559997712,-0.440474,0.0,-0.0998298,190,0.0907016,0.0305647,20.0,-0.399128,-0.180529,66000,-0.105382,0.396059,-0.995723,1.1628369493409991,706.1797545515001,0.981688,1.0,-0.177678,1.0,0.5079441787675023,-0.152656,0.603023,1.0,103.44,1847.22,20.0,-0.651874
107.641,6.0,20.0,10.795846758410335,-0.28756,-1.21506,12809,104.69,0.58846,0.0,40.0,66,102.728,0.202621,0.0110801,9.146682729944587,6.0,114.628571429,0.150273,0.00208456,107.586,320.0,0.0,-0.116897,6.0,66873,6.0,105.615,-0.133634,0.859769,62.1220392059,-0.160716,0.0,-0.100903,175,-0.109989,0.0474672,20.0,-0.10065,-0.141012,67000,-0.067066,-0.11151,-0.989773,1.133400452323258,716.9628961468115,0.987304,1.0,-0.136913,1.0,0.5157635761424899,-0.12872,0.584997,1.0,103.515,1627.91,20.0,-0.640438
107.239,4.0,20.0,10.83195494581014,-0.151398,-1.01817,12998,103.638,1.32772,0.0,60.0,67,101.279,0.157761,0.0048481,9.190988491289318,4.0,105.608465608,0.192469,0.00150093,107.799,460.0,0.0,0.384961,4.0,67873,4.0,104.158,-0.13771,1.23209,61.4832117343,-0.117966,0.0,0.392319,189,0.0944731,0.00947989,20.0,-0.101337,-0.142896,68000,-0.00558499,-0.323704,-0.990754,1.1211372828111053,727.844154143706,0.992946,1.0,-0.140469,1.0,0.5198291717097163,0.380008,0.598911,1.0,100.958,1455.4,20.0,-0.674448
105.712,5.0,20.0,11.128066387958825,0.392333,-1.91709,13198,103.299,0.517066,0.0,60.0,68,101.003,0.511506,0.0106536,9.436208955012262,5.0,100.2,0.120426,0.00678322,105.198,400.0,0.0,-0.198177,5.0,68873,5.0,103.818,-0.165009,0.846163,52.7253259829,0.414758,0.0,-0.185403,200,0.213576,0.0236893,20.0,0.516456,-0.20017,69000,0.133029,0.283946,-0.974817,1.1712217209860682,738.9617334716022,0.993794,1.0,-0.171215,1.0,0.5206357119604945,-0.217803,0.578885,1.0,102.508,1699.12,20.0,-0.590064
106.701,4.61751152074,20.0,10.959317614324391,-0.243551,-1.68721,13399,103.864,0.880557,0.0,60.0,69,100.57,0.269565,0.00443919,9.267671566456556,4.0,99.6019900498,0.257389,0.00174414,107.776,480.0,0.485994899658,0.242997,4.61751152074,69873,5.0,105.006,-0.13921,0.898849,54.9612327961,-0.207109,0.0,0.250809,201,-0.260994,0.0132844,20.0,-0.167836,-0.145045,70000,0.144358,-0.171313,-0.995131,1.1613482236862183,749.9323515612632,0.997162,1.0,-0.142817,1.0,0.5302978241816163,0.237584,0.581327,1.0,101.75,1596.51,20.0,-0.642894
106.183,19.7843137255,20.0,11.117267332971096,0.211902,-1.31257,13605,102.197,0.673441,0.0,40.0,70,98.8776,0.290909,0.000508992,9.414507833309472,16.0,97.1844660194,0.164245,0.00237106,106.004,600.0,3.28582054986,-0.00491875,19.7843137255,70873,31.0,103.014,-0.132829,0.99254,60.5623721773,0.244145,0.0,-0.00324613,206,-0.0372454,0.011165,20.0,0.25764,-0.139509,71000,-0.195259,-0.0711715,-0.998265,1.1733089657500386,761.0132137453184,0.993298,1.0,-0.135872,1.0,0.5294505339115858,-0.00658465,0.594182,1.0,100.672,1647.68,20.0,-0.656705
105.686,6.0,20.0,10.920128215104342,-0.00782578,-1.3694,13770,103.467,0.685567,0.0,60.0,71,101.519,0.124908,0.00183195,9.269570684991777,6.0,121.090909091,0.226116,0.00184361,105.778,500.0,0.0,-0.120816,6.0,71873,6.0,103.844,-0.126944,0.829022,83.2740505386,0.0173166,0.0,-0.118286,165,0.209675,0.0238912,20.0,0.0922958,-0.132965,72000,0.0104011,-0.44244,-0.99431,1.1373878363519907,771.9435517890379,0.996054,1.0,-0.131093,1.0,0.5131696937605739,-0.125002,0.590765,1.0,102.128,1394.39,20.0,-0.67744
104.365,5.005,20.0,10.736621863208711,-0.172027,-1.54986,13951,101.743,0.728085,0.0,60.0,72,99.6177,0.156341,0.00548244,9.082408492453396,5.0,110.497237569,0.0456382,0.00136058,104.622,500.0,0.0705336798983,-0.171077,5.005,72873,6.0,102.414,-0.130664,0.88757,69.554829464,-0.122188,0.0,-0.162551,181,0.0444634,0.0102311,20.0,-0.107377,-0.135821,73000,0.0184555,-0.310782,-0.986599,1.1482040779665112,782.7026748107746,0.998433,1.0,-0.134204,1.0,0.5060092927888036,-0.194804,0.604003,1.0,100.418,1698.26,20.0,-0.712064
104.582,3.94094488189,20.0,10.762748367153108,-0.288156,-1.73312,14130,102.841,0.314032,0.0,60.0,73,101.586,0.241527,0.0368949,9.085633531212807,3.0,111.508379888,0.301819,0.00404168,104.585,360.0,0.235727832755,-0.442168,3.94094488189,73873,4.0,103.136,-0.136307,0.36527,59.9763797748,-0.184115,0.0,-0.399668,179,0.350765,0.0249968,20.0,-0.158882,-0.156732,74000,0.0406234,-0.11523,-0.982487,1.1711582401767373,793.4851230261847,0.988878,1.0,-0.141451,1.0,0.5059565957635641,-0.504363,0.601313,1.0,101.839,1605.11,20.0,-0.680151
105.711,10.1111111111,20.0,11.087225823663175,-0.903166,-1.79218,14325,102.065,1.13671,0.0,60.0,74,96.4719,0.522145,0.0072185,9.372857126407325,9.0,102.564102564,0.0403728,0.00687906,105.589,300.0,0.52970143847,0.0444031,10.1111111111,74873,11.0,102.867,-0.17088,1.50121,52.5414585372,-0.484376,0.0,0.0515298,195,-0.0213658,0.0633503,20.0,-0.422207,-0.220477,75000,-0.0913582,0.506052,-0.996981,1.1913831979036331,804.5602315915748,0.993819,1.0,-0.177931,1.0,0.5229854993522167,0.031414,0.592572,1.0,98.0606,1911.98,20.0,-0.509241
103.873,9.61904761905,20.0,11.074330903589725,0.0226078,-1.0458,14501,101.429,0.525379,0.0,60.0,75,99.4896,0.119847,0.00174611,9.36988661903888,9.0,113.75,0.416446,0.00112313,103.982,420.0,0.485620906056,0.0444733,9.61904761905,75873,10.0,101.511,-0.128344,0.595609,60.7119222229,0.0450034,0.0,0.0473715,176,0.427038,0.0145962,20.0,0.0720014,-0.131765,76000,0.025914,-0.398404,-0.997642,1.1802015006542206,815.6379715036601,0.994041,1.0,-0.129658,1.0,0.524242783896625,0.0398736,0.578268,1.0,99.7792,1896.5,20.0,-0.680399
105.024,6.07878787879,20.0,11.172795329242945,0.0250423,-0.799155,14709,102.81,0.704774,0.0,60.0,76,101.095,0.0998795,0.00660456,9.457214164547622,6.0,96.25,0.886799,0.000750723,106.911,280.0,0.269407403284,-0.112124,6.07878787879,76873,7.0,104.385,-0.129983,0.630909,45.0573886197,0.0448387,0.0,-0.100164,208,-0.607069,0.00853209,20.0,0.0664439,-0.132921,77000,-0.0928099,-0.415929,-0.996143,1.183898862451315,826.8009808277711,0.986998,1.0,-0.130785,1.0,0.5316823022440076,-0.123258,0.599813,1.0,103.095,1557.39,20.0,-0.68361
106.662,4.0,20.0,11.028827582485974,-0.184164,-1.15915,14907,105.027,0.42173,0.0,60.0,77,103.718,0.164802,0.0100039,9.320216636173427,4.0,101.111111111,0.0116098,0.00148893,107.144,380.0,0.0,0.347116,4.0,77873,4.0,105.706,-0.138617,0.434111,53.4163915539,-0.113283,0.0,0.358449,198,0.00213748,0.0153995,20.0,-0.0917096,-0.142878,78000,0.0337061,-0.3254,-0.988374,1.1748568890616298,837.8715928038582,0.993197,1.0,-0.140938,1.0,0.533754057250917,0.332664,0.604994,1.0,104.373,1406.46,20.0,-0.682168
105.594,6.60526315789,20.0,10.973593546077609,0.340262,-1.59626,15099,103.36,0.882866,0.0,60.0,78,100.748,0.394514,0.0219841,9.23399643972516,6.0,104.166666667,0.0439606,0.0064123,106.305,460.0,0.48879409529,-0.0896422,6.60526315789,78873,7.0,104.144,-0.161996,0.84906,59.0491791269,0.364729,0.0,-0.0526972,192,0.0190959,0.0168832,20.0,0.4202,-0.189514,79000,0.0562888,0.0793815,-0.996209,1.2173056043684483,848.8134618308395,0.995377,1.0,-0.174062,1.0,0.5222915019840002,-0.119955,0.600297,1.0,101.592,1395.99,20.0,-0.669802
108.647,4.0,20.0,11.278716483153403,-0.12133,-2.20832,15284,104.174,1.13028,0.0,40.0,79,101.51,0.217771,0.0185122,9.56379711534828,4.0,108.108108108,0.195289,0.000310875,109.405,400.0,0.0,-0.349388,4.0,79873,4.0,105.172,-0.128407,1.16629,62.4645991781,-0.0749941,0.0,-0.330183,185,-0.154415,0.0385175,20.0,0.00960494,-0.129991,80000,-0.0537401,-0.312411,-0.998401,1.1862522028386593,860.1004002345726,0.988608,1.0,-0.129469,1.0,0.528667164966464,-0.38122,0.586369,1.0,102.652,2247.43,20.0,-0.69383
105.669,5.0,20.0,11.363582552410662,-0.504646,-1.50476,15487,103.384,0.927489,0.0,60.0,80,101.4,0.412295,0.00274294,9.628681314177811,5.0,98.4236453202,0.164904,0.00268111,106.363,340.0,0.0,0.190869,5.0,80873,5.0,104.163,-0.1702,0.942126,53.4658662117,-0.369115,0.0,0.194975,203,0.0489305,0.0384096,20.0,-0.328283,-0.181193,81000,-0.0689234,0.277604,-0.997675,1.195111058652401,871.5920359408483,0.989687,1.0,-0.172242,1.0,0.5397901795804501,0.187027,0.607932,1.0,102.22,1858.05,20.0,-0.589943
104.117,9.14545454545,20.0,11.681026933714747,0.175937,-2.22679,15683,102.057,1.19892,0.0,60.0,81,99.8905,0.244466,0.0102044,9.808699127286673,9.0,102.040816327,0.295437,0.000107573,105.049,440.0,0.352558535085,0.0546632,9.14545454545,81873,10.0,102.335,-0.13783,1.00146,58.4486375546,0.190768,0.0,0.0802465,196,0.342683,0.00653909,20.0,0.211602,-0.138381,82000,0.0757281,-0.177785,-0.991017,1.3243281794711947,883.1451918752864,0.993329,1.0,-0.138098,1.0,0.5479996269568801,0.0460605,0.590657,1.0,99.97,1599.5,20.0,-0.68068
104.882,4.0,20.0,11.523842396214604,0.0463548,-2.52072,15873,101.515,0.442109,0.0,40.0,82,100.256,0.20973,0.00547198,9.773412486538291,4.0,104.947368421,0.554057,0.000296491,104.775,420.0,0.0,-0.308051,4.0,82873,4.0,101.554,-0.131322,0.48544,53.6925690087,0.0597873,0.0,-0.299963,190,0.499432,0.013345,20.0,0.0813102,-0.132131,83000,-0.0445555,-0.393488,-0.993772,1.196588703431189,894.6942001832649,0.991506,1.0,-0.131737,1.0,0.5538412062451243,-0.315664,0.589358,1.0,100.479,1690.77,20.0,-0.688251
109.229,5.0,20.0,11.626767505891621,-0.387012,-2.4248,16067,104.64,1.88345,0.0,60.0,83,99.6209,0.410837,0.011274,9.842242455109954,5.0,102.783505155,0.145852,0.00281617,110.211,280.0,0.0,-0.167424,5.0,83873,5.0,105.677,-0.157074,1.85752,48.9317274856,-0.324325,0.0,-0.154657,194,-0.0887266,0.0149579,20.0,-0.309692,-0.170541,84000,-0.140115,0.0453488,-0.995759,1.2223247587680817,906.3208920247853,0.983327,1.0,-0.16313,1.0,0.5622002920135856,-0.186929,0.58468,1.0,100.463,1557.98,20.0,-0.627847
106.067,8.032,20.0,11.49093755800277,-0.230077,-3.59499,16268,103.918,0.641358,0.0,60.0,84,100.161,0.354644,0.00980853,9.71506409253925,8.0,99.4029850746,0.54405,0.00181188,105.994,400.0,0.176,0.0610248,8.032,84873,9.0,103.99,-0.127859,0.680202,53.267762469,-0.179258,0.0,0.0703432,201,0.531796,0.0133302,20.0,-0.154007,-0.134103,85000,0.145139,-0.184348,-0.995048,1.2233469681814313,917.7764857653528,0.99487,1.0,-0.131965,1.0,0.5525264972820878,0.0387808,0.581405,1.0,100.239,1617.59,20.0,-0.662442
106.838,26.8157894737,20.0,11.447104578837752,0.0396829,-1.42486,16459,104.242,1.39163,0.0,40.0,85,99.9058,0.16201,0.00208531,9.701269326731563,20.0,105.02617801,0.422009,0.000580829,107.081,460.0,6.83202699042,0.00116524,26.8157894737,85873,51.0,104.352,-0.137286,1.25234,58.173547411,0.059391,0.0,0.00946344,191,0.448499,0.0122036,20.0,0.0828098,-0.139287,86000,0.0895063,-0.393638,-0.988969,1.1883808393031359,929.2591197518632,0.991665,1.0,-0.138108,1.0,0.5574544128030539,-0.0020921,0.592522,1.0,99.9141,2082.69,20.0,-0.703185
104.823,8.43697478992,20.0,11.714707500301301,-0.00219183,-0.954434,16649,102.565,0.429761,0.0,60.0,86,101.014,0.0908368,0.0028442,9.926713100634515,8.0,105.789473684,0.0856889,0.000167059,105.145,380.0,0.496011918097,0.0616481,8.43697478992,86873,9.0,103.011,-0.130852,0.489006,59.9838390054,0.00535261,0.0,0.0695698,190,0.159141,0.00545035,20.0,0.0209615,-0.131562,87000,0.0396169,-0.4983,-0.993439,1.2245996566489339,940.9663486601785,0.996431,1.0,-0.131083,1.0,0.5633947430178523,0.058873,0.581491,1.0,101.375,1920.93,20.0,-0.690454
102.312,4.0,20.0,11.442890126258135,0.0574426,-1.7692,16825,101.091,0.350112,0.0,60.0,87,99.314,0.174348,0.0338104,9.673228255473077,4.0,113.409090909,0.130768,0.000190809,102.77,400.0,0.0,-0.320404,4.0,87873,4.0,101.83,-0.13567,0.520786,62.1743582713,0.0693643,0.0,-0.289962,176,0.0119744,0.00790563,20.0,0.0779095,-0.136164,88000,-0.0969507,-0.402167,-0.992968,1.217721045948565,952.4421280249953,0.968268,1.0,-0.135876,1.0,0.5519408248364925,-0.375638,0.566979,1.0,100.536,1794.07,20.0,-0.684507
103.907,10.6210526316,20.0,11.73239188361913,-0.505316,-1.61814,17012,102.388,0.474174,0.0,60.0,88,100.533,0.402753,0.0263865,9.92536120954901,10.0,106.417112299,0.0319754,0.00399292,104.488,440.0,0.583617527395,-0.0485324,10.6210526316,88873,12.0,103.086,-0.156291,0.593321,58.5885437708,-0.331002,0.0,-0.0226195,187,0.0547062,0.0548654,20.0,-0.279558,-0.172468,89000,-0.0644773,0.143284,-0.99317,1.2511941036209464,964.1622574590147,0.995522,1.0,-0.160052,1.0,0.5558365704491735,-0.130721,0.590603,1.0,101.401,1434.32,20.0,-0.592299
104.915,6.0,20.0,11.635030798614025,-0.382214,-1.12482,17211,102.319,0.917876,0.0,60.0,89,99.9973,0.202128,0.0247406,9.84141888935119,6.0,99.6984924623,0.0428224,0.0104064,105.369,360.0,0.0,-0.149631,6.0,89873,6.0,103.039,-0.0850492,0.930129,53.5935714638,-0.0819217,0.0,-0.127291,199,-0.024283,0.0900476,20.0,-0.00343142,-0.129794,90000,0.145708,0.211383,-0.98895,1.2396628484129906,975.8139395527542,0.990898,1.0,-0.120032,1.0,0.5539490608498454,-0.197422,0.584392,1.0,100.826,1665.29,20.0,-0.64107
106.246,10.5368421053,20.0,11.989498619921505,-0.272736,-3.09628,17377,104.454,0.563426,0.0,60.0,90,102.644,0.311237,0.00336453,10.189036145806313,10.0,121.204819277,0.161957,0.001778,106.633,460.0,0.498640811887,0.0323475,10.5368421053,90873,11.0,104.912,-0.132661,0.617992,75.3049637616,-0.173136,0.0,0.0376401,166,0.24254,0.0419142,20.0,-0.125686,-0.138148,91000,0.00219137,-0.101902,-0.994049,1.256873870268464,987.7809014003724,0.998752,1.0,-0.135975,1.0,0.5435886038467288,0.0279271,0.586979,1.0,103.285,1779.1,20.0,-0.672511
105.993,6.0,20.0,11.622708148323,0.0193586,-0.941031,17580,102.387,1.30276,0.0,60.0,91,98.8828,0.0944799,0.00164396,9.828523205593228,6.0,99.2118226601,0.203667,0.000594984,106.856,320.0,0.0,0.14001,6.0,91873,6.0,103.178,-0.138015,1.36279,49.5434273166,0.0367159,0.0,0.143039,203,-0.0424555,0.011325,20.0,0.0714245,-0.140189,92000,0.185331,-0.438794,-0.992659,1.2351884879171848,999.4084172602743,0.999422,1.0,-0.13944,1.0,0.5589964548125863,0.137061,0.568298,1.0,99.8263,1403.07,20.0,-0.681838
107.34,7.46666666667,20.0,11.892568962648511,0.0792408,-1.42188,17767,104.012,1.30944,0.0,40.0,92,100.926,0.188708,0.00397092,10.097000706009567,7.0,107.165775401,0.0886691,0.00124381,108.209,400.0,0.49888765157,0.0763579,7.46666666667,92873,8.0,104.516,-0.133675,1.19261,58.556516005,0.123936,0.0,0.0819273,187,0.137968,0.0221213,20.0,0.146204,-0.13725,93000,-0.0647326,-0.275267,-0.995399,1.2414935659617186,1011.2959372960031,0.996224,1.0,-0.13506,1.0,0.5540746906772256,0.0679014,0.591103,1.0,101.309,1476.77,20.0,-0.655422
107.619,6.0,20.0,11.62976439204067,0.0524372,-0.965105,17939,104.689,0.83128,0.0,60.0,93,102.461,0.121114,0.00927839,9.851337844505906,6.0,115.930232558,0.249871,0.000526536,108.537,460.0,0.0,-0.123727,6.0,93873,6.0,105.662,-0.137772,0.821971,66.5054274228,0.071939,0.0,-0.111896,172,-0.171979,0.00719586,20.0,0.0844446,-0.140399,94000,0.0197553,-0.407514,-0.99052,1.2364594796672463,1022.9213891159743,0.989903,1.0,-0.138988,1.0,0.5419670678675175,-0.135425,0.593312,1.0,103.608,1577.77,20.0,-0.674399
104.806,5.04522613065,20.0,11.485137877054513,-0.137992,-1.47651,18131,102.117,0.762943,0.0,60.0,94,99.1652,0.177038,0.00721792,9.713710331358016,5.0,104.166666667,0.05394,0.000926893,105.679,400.0,0.207799729931,0.175007,5.04522613065,94873,6.0,102.75,-0.122158,0.828393,51.3092475962,-0.116878,0.0,0.192769,192,0.0385306,0.0164148,20.0,-0.0832295,-0.12549,95000,0.0515963,-0.268321,-0.986247,1.2328544585034251,1034.4659651452675,0.991322,1.0,-0.123261,1.0,0.5385730871930718,0.168348,0.601688,1.0,100.291,1530.13,20.0,-0.689402
104.828,25.6,20.0,11.798469007015228,0.164645,-2.58692,18328,102.47,0.651531,0.0,60.0,95,99.9836,0.2894,0.0042443,9.961641859263182,17.0,101.218274112,0.206964,0.00189545,105.278,360.0,6.43739077577,0.00438319,25.6,95873,45.0,102.877,-0.136596,0.624657,52.9968687042,0.17751,0.0,0.036324,197,0.313209,0.0128735,20.0,0.219889,-0.144728,96000,-0.0938493,-0.198069,-0.992132,1.2929832320660353,1046.1705292593688,0.992336,1.0,-0.138648,1.0,0.5438439156860113,7.10487e-05,0.594867,1.0,100.333,1433.04,20.0,-0.722568
106.337,7.31386861314,20.0,11.964767767116427,0.00140874,-1.06193,18519,101.855,0.771059,0.0,40.0,96,100.275,0.0954027,0.027277,10.219959408044815,7.0,105.130890052,0.0179937,0.000914848,106.876,360.0,0.464063688329,-0.0640797,7.31386861314,96873,8.0,102.474,-0.130438,0.78688,58.5770056448,0.030843,0.0,-0.0270102,191,0.0561416,0.0237695,20.0,0.0745317,-0.133701,97000,-0.0449516,-0.422053,-0.996242,1.1997625064104795,1058.3994928468019,0.992288,1.0,-0.132595,1.0,0.5450458526611328,-0.0986866,0.589214,1.0,100.846,1355.76,20.0,-0.693755
106.687,4.0,20.0,11.898177221417427,-0.101606,-5.55731,18728,102.604,1.77369,0.0,60.0,97,98.245,0.457443,0.0227423,9.889076124876738,4.0,95.2153110048,0.277391,0.00103636,107.606,300.0,0.0,-0.359038,4.0,97873,4.0,103.256,-0.13126,1.75561,49.8425900683,-0.0579352,0.0,-0.340136,209,0.236773,0.0361789,20.0,-0.00469866,-0.134321,98000,0.0566702,-0.360424,-0.993992,1.4652370596304536,1070.1573687708005,0.998632,1.0,-0.133115,1.0,0.5438640369102359,-0.398411,0.621361,1.0,98.4957,1522.42,20.0,-0.699357
106.264,6.03614457831,20.0,11.646954111754894,-0.436389,-2.06458,18910,103.072,0.783368,0.0,60.0,98,99.4495,0.43274,0.00702463,9.783569522202015,6.0,110.43956044,0.797953,0.00358807,105.73,700.0,0.186649799817,-0.113972,6.03614457831,98873,7.0,102.929,-0.171288,0.920707,73.4908544495,-0.386785,0.0,-0.100179,182,0.597961,0.0249373,20.0,-0.345546,-0.181894,99000,-0.101604,0.157417,-0.994623,1.325191485695541,1081.8462986489758,0.991699,1.0,-0.176494,1.0,0.5381931038573384,-0.123855,0.583821,1.0,99.6569,1694.75,20.0,-0.617005
106.802,9.44339622642,20.0,11.961718942970037,-0.124097,-2.83655,19096,103.115,1.49643,0.0,60.0,99,98.2477,0.242756,0.00911249,10.05991403479129,9.0,107.741935484,0.11799,0.00113118,107.534,400.0,0.496785680969,-0.0396678,9.44339622642,99873,10.0,103.643,-0.130198,1.41561,59.2448724202,-0.100068,0.0,-0.01703,186,0.168999,0.0202269,20.0,-0.0463991,-0.134548,100000,-0.00649795,-0.324566,-0.986201,1.3677528584375978,1093.7095885835588,0.998782,1.0,-0.133201,1.0,0.534052049741149,-0.0485819,0.598713,1.0,98.6186,1685.08,20.0,-0.681713
